id;imie;nazwisko;dataUrodzenia;login;haslo
0;Kamila;SZEKPSIR;01.11.1975;haslo100;
1;Zbigniew;NOWAK;01.12.1972;haslo611;
2;Izabela;SZCZEPAÑSKA;01.10.1993;haslo582;
3;Leon;PIETRZAK;01.02.1982;haslo323;
4;Odetta;BARAN;01.09.1981;haslo554;
5;Arkadiusz;SAWICKA;01.09.1996;haslo75;
6;Franciszek;PAPIERZEWSKI;01.06.1970;haslo46;
7;Izabela;SZEWCZYK;01.07.1987;haslo277;
8;Natan;MACIEJEWSKA;01.10.1988;haslo488;
9;Antonina;LEWANDOWSKA;01.06.1975;haslo259;
10;Marzena;CHMIELEWSKA;01.08.1989;haslo5610;
11;Jagna;KOWALCZYK;01.07.1992;haslo111;
12;Leon;W£ODARCZYK;01.03.1984;haslo3312;
13;Dorota;PACZOS;01.09.1971;haslo1313;
14;Wojciech;NOWAK;01.09.1986;haslo814;
15;Wojciech;NOWAK;01.11.1980;haslo6015;
16;Irena;PAWLUK;01.02.1982;haslo2816;
17;Dorota;KRAWCZYK;01.05.1998;haslo2017;
18;Marika;DUDEK;01.06.1995;haslo5318;
19;Marzena;KRAWCZYK;01.06.1985;haslo2619;
20;Jadwiga;LEWANDOWSKA;01.05.1973;haslo4720;
21;Dominika;KOWALCZYK;01.02.1987;haslo4421;
22;Gracjan;NOWAKOWSKA;01.10.1973;haslo222;
23;Marcin;SAWICKA;01.10.1993;haslo923;
24;Maciej;KWIATKOWSKA;01.04.1976;haslo4624;
25;Antoni;ZALEWSKA;01.04.1991;haslo4525;
26;Izabela;KAMIÑSKA;01.04.1976;haslo2926;
27;Stanis³aw;JASIÑSKA;01.04.1976;haslo5927;
28;Zbigniew;MICHALSKA;01.11.1990;haslo2828;
29;Magdalena;KRAWCZYK;01.07.1972;haslo5829;
30;¯aneta;MICHALAK;01.12.1982;haslo5730;
31;Julia;SZEKPSIR;01.01.1980;haslo5431;
32;Antoni;WITKOWSKA;01.10.1998;haslo4632;
33;Teresa;WILK;01.06.1975;haslo6033;
34;Izabela;SOKO£OWSKA;01.02.1997;haslo4734;
35;Sylwia;ADAMCZYK;01.05.1983;haslo4735;
36;Krystyna;LEWANDOWSKA;01.08.1984;haslo4936;
37;Lucyna;SZEWCZYK;01.12.1992;haslo1837;
38;Antonina;GRABOWSKA;01.02.1992;haslo5938;
39;Zbigniew;SAWICKA;01.11.1980;haslo4039;
40;Maciej;WOJCIECHOWSKA;01.03.1989;haslo940;
41;Franciszek;MACIEJEWSKA;01.05.1983;haslo4741;
42;Odetta;KORYTKOWSKI;01.09.1991;haslo5042;
43;Zbigniew;PAWLUK;01.10.1978;haslo4943;
44;Odetta;PAWLAK;01.05.1998;haslo5144;
45;Arkadiusz;ADAMCZYK;01.08.1994;haslo4845;
46;Adrianna;SZCZEPAÑSKA;01.02.1992;haslo2046;
47;Bogumi³a;SAWICKA;01.11.1990;haslo4647;
48;Pamela;KALINOWSKA;01.04.1971;haslo3948;
49;Lucyna;JASIÑSKA;01.01.1980;haslo5249;
50;Albin;SIKORA;01.12.1982;haslo6050;
51;Adrianna;NOWAK;01.02.1972;haslo4451;
52;Ariana;KOWALCZYK;01.07.1977;haslo2452;
53;Joanna;OLSZEWSKA;01.10.1993;haslo1553;
54;Andrzej;BORKOWSKA;01.08.1974;haslo3354;
55;Maria;OSTROWSKA;01.06.1990;haslo4255;
56;Bogumi³a;KALINOWSKA;01.07.1987;haslo7056;
57;Jagoda;WRÓBLEWSKA;01.05.1973;haslo4057;
58;Bogumi³a;PAWLUK;01.07.1982;haslo1558;
59;Odetta;SAWICKA;01.03.1979;haslo4659;
60;Arleta;KUBIAK;01.03.1974;haslo660;
61;Ariana;PACZOS;01.04.1991;haslo5061;
62;Martyna;KWIATKOWSKA;01.09.1991;haslo2862;
63;Dominika;PAW£OWSKA;01.05.1988;haslo5963;
64;Magdalena;SZEKPSIR;01.12.1997;haslo4064;
65;Lucyna;BORKOWSKA;01.10.1993;haslo5965;
66;Lilianna;MICHALAK;01.01.1995;haslo1566;
67;Marcin;W£ODARCZYK;01.01.1970;haslo1267;
68;Lucyna;JANKOWSKA;01.04.1976;haslo5368;
69;Marika;KOWALCZYK;01.04.1991;haslo2469;
70;Zofia;PAPIERZEWSKI;01.09.1971;haslo3570;
71;Magdalena;DUDEK;01.09.1986;haslo4671;
72;Bernadetta;KWIATKOWSKA;01.06.1975;haslo5272;
73;Albin;WALCZAK;01.12.1992;haslo6673;
74;Jan;WOJCIECHOWSKA;01.05.1993;haslo4374;
75;Kamila;M¥CZKA;01.10.1973;haslo4075;
76;Natan;DUDEK;01.07.1977;haslo3276;
77;Dominika;JAWORSKA;01.05.1973;haslo3677;
78;S³awomir;SIKORA;01.05.1998;haslo4378;
79;Aneta;ZALEWSKA;01.08.1989;haslo179;
80;Pawe³;WIECZOREK;01.01.1995;haslo980;
81;Irena;DUDA;01.11.1995;haslo5681;
82;Bernadetta;WIECZOREK;01.06.1995;haslo4682;
83;Wojciech;CZARNECKA;01.11.1980;haslo1983;
84;Piotr;WILK;01.05.1993;haslo384;
85;S³awomir;PIOTROWSKA;01.08.1974;haslo985;
86;Maria;KAMIÑSKA;01.02.1982;haslo7086;
87;Andrzej;DUDA;01.06.1985;haslo1587;
88;¯aneta;KORYTKOWSKI;01.08.1989;haslo888;
89;Krzysztof;OLSZEWSKA;01.05.1978;haslo3289;
90;Leon;KRAWCZYK;01.02.1987;haslo1990;
91;Magdalena;MALINOWSKA;01.09.1976;haslo5291;
92;Maksymilian;PAWLUK;01.07.1972;haslo5492;
93;Hanna;PAWLUK;01.03.1979;haslo893;
94;Wioleta;M¥CZKA;01.08.1984;haslo294;
95;Nikola;KACZMAREK;01.05.1998;haslo4595;
96;¯aneta;KOWALSKA;01.10.1993;haslo4296;
97;Andrzej;NOWAKOWSKA;01.04.1996;haslo3197;
98;Lucyna;DUDA;01.09.1986;haslo5298;
99;Jadwiga;PAWLAK;01.02.1972;haslo1199;
100;Lucyna;DUDEK;01.10.1998;haslo30100;
101;Jagoda;MAZUR;01.06.1995;haslo61101;
102;Leon;KUCHARSKA;01.04.1981;haslo65102;
103;Albin;KAMIÑSKA;01.10.1973;haslo63103;
104;Jagoda;KWIATKOWSKA;01.02.1977;haslo35104;
105;Bo¿ena;ZAWADZKA;01.03.1989;haslo41105;
106;Natan;WILK;01.08.1989;haslo44106;
107;Irena;PAW£OWSKA;01.07.1992;haslo69107;
108;Hanna;OLSZEWSKA;01.02.1997;haslo59108;
109;Jagna;JANKOWSKA;01.04.1971;haslo34109;
110;Antonina;MICHALSKA;01.04.1971;haslo23110;
111;Maksymilian;DUDEK;01.07.1972;haslo23111;
112;Jagoda;JANKOWSKA;01.04.1991;haslo49112;
113;Dorota;WALCZAK;01.01.1970;haslo33113;
114;Nikola;BARAN;01.04.1981;haslo48114;
115;Stanis³aw;BARAN;01.11.1970;haslo2115;
116;Bernadetta;SAWICKA;01.05.1978;haslo44116;
117;Nikola;LIS;01.03.1974;haslo15117;
118;Bernadetta;M¥CZKA;01.12.1977;haslo1118;
119;Franciszek;JAKUBOWSKA;01.10.1973;haslo21119;
120;Antonina;CZARNECKA;01.01.1970;haslo22120;
121;Wioleta;WRÓBLEWSKA;01.12.1997;haslo42121;
122;Jacek;PAW£OWSKA;01.04.1986;haslo1122;
123;Arkadiusz;WRÓBLEWSKA;01.11.1970;haslo21123;
124;Marcjanna;ADAMCZYK;01.10.1978;haslo40124;
125;Jagna;WALCZAK;01.07.1992;haslo7125;
126;Szymon;DUDEK;01.05.1978;haslo59126;
127;Marika;JASIÑSKA;01.07.1977;haslo14127;
128;Krzysztof;MAJEWSKA;01.01.1980;haslo36128;
129;Wincenty;WILK;01.08.1974;haslo51129;
130;Wincenty;WÓJCIK;01.12.1972;haslo61130;
131;Katarzyna;WYSOCKA;01.08.1984;haslo42131;
132;Jozue;DUDEK;01.12.1972;haslo49132;
133;Józef;DUDEK;01.08.1989;haslo8133;
134;Jacek;PIOTROWSKA;01.04.1981;haslo18134;
135;Maria;SAWICKA;01.02.1972;haslo33135;
136;Jozue;BORKOWSKA;01.04.1976;haslo65136;
137;Marzena;KWIATKOWSKA;01.01.1990;haslo32137;
138;Jagoda;WYSOCKA;01.11.1995;haslo56138;
139;Bo¿ena;BORKOWSKA;01.08.1984;haslo55139;
140;Bogumi³a;KOWALCZYK;01.05.1993;haslo50140;
141;Mirella;KACZMAREK;01.06.1995;haslo10141;
142;Gracjan;NOWICKA;01.03.1984;haslo46142;
143;Magdalena;KORYTKOWSKI;01.10.1988;haslo2143;
144;Jagoda;BORKOWSKA;01.06.1985;haslo19144;
145;Izabela;SADOWSKA;01.03.1974;haslo6145;
146;Natan;NOWAK;01.10.1973;haslo31146;
147;Leon;WITKOWSKA;01.05.1978;haslo60147;
148;Aneta;KOWALCZYK;01.05.1988;haslo28148;
149;Julia;KALINOWSKA;01.01.1975;haslo23149;
150;Arleta;KACZMAREK;01.03.1974;haslo56150;
151;Teresa;OLSZEWSKA;01.06.1995;haslo19151;
152;Antonina;KWIATKOWSKA;01.01.1990;haslo61152;
153;Anna;KOWALCZYK;01.08.1974;haslo19153;
154;Jagoda;JASIÑSKA;01.01.1980;haslo31154;
155;Wiliam;WRÓBLEWSKA;01.05.1988;haslo28155;
156;Arkadiusz;BARAN;01.03.1974;haslo34156;
157;Nikola;SZEKPSIR;01.08.1974;haslo37157;
158;Lilianna;WOJCIECHOWSKA;01.12.1987;haslo38158;
159;Aleksander;NOWAK;01.03.1974;haslo45159;
160;Albin;MAKOWSKA;01.03.1974;haslo67160;
161;Katarzyna;MICHALSKA;01.07.1972;haslo8161;
162;Sylwia;TOMASZEWSKA;01.07.1972;haslo60162;
163;Marika;ZAWADZKA;01.10.1978;haslo55163;
164;Bo¿ena;MAJEWSKA;01.11.1990;haslo40164;
165;Jagoda;SIKORA;01.06.1980;haslo3165;
166;Hanna;JANKOWSKA;01.10.1973;haslo2166;
167;Bo¿ena;JAKUBOWSKA;01.10.1988;haslo19167;
168;Maksymilian;NOWAKOWSKA;01.10.1973;haslo37168;
169;Julia;KUCHARSKA;01.11.1990;haslo6169;
170;Katarzyna;WRÓBLEWSKA;01.11.1975;haslo15170;
171;Piotr;MALINOWSKA;01.11.1970;haslo54171;
172;Odetta;SADOWSKA;01.06.1985;haslo36172;
173;Leon;TOMASZEWSKA;01.07.1982;haslo1173;
174;Marzena;OLSZEWSKA;01.09.1986;haslo45174;
175;Antoni;PAWLUK;01.04.1996;haslo64175;
176;Arleta;NOWICKA;01.06.1980;haslo67176;
177;Marcin;SZEWCZYK;01.04.1991;haslo44177;
178;Bogumi³a;SIKORA;01.09.1996;haslo19178;
179;Aleksander;NOWAK;01.11.1995;haslo43179;
180;Krystyna;KAMIÑSKA;01.03.1979;haslo66180;
181;Stanis³aw;MAKOWSKA;01.01.1990;haslo68181;
182;Izabela;GRABOWSKA;01.07.1992;haslo35182;
183;Marzena;PAWLAK;01.11.1995;haslo29183;
184;Mirella;KALINOWSKA;01.11.1985;haslo38184;
185;Andrzej;BARAN;01.03.1974;haslo44185;
186;Krystyna;LIS;01.03.1984;haslo67186;
187;Mirella;MAZUR;01.02.1992;haslo15187;
188;Gracjan;SZEWCZYK;01.08.1974;haslo23188;
189;Jagoda;RUTKOWSKA;01.10.1973;haslo70189;
190;Antonina;ADAMCZYK;01.12.1982;haslo29190;
191;Magdalena;NOWAKOWSKA;01.08.1979;haslo4191;
192;Petronella;LIS;01.11.1990;haslo14192;
193;Maria;CHMIELEWSKA;01.05.1998;haslo42193;
194;Izabela;KOWALSKA;01.12.1987;haslo54194;
195;Jagna;KACZMAREK;01.07.1997;haslo13195;
196;Aneta;PIOTROWSKA;01.09.1976;haslo25196;
197;Magdalena;NOWAKOWSKA;01.03.1979;haslo49197;
198;Jadwiga;PAWLAK;01.04.1971;haslo69198;
199;Nikola;JANKOWSKA;01.06.1970;haslo57199;
200;Marika;PAWLAK;01.11.1975;haslo61200;
201;¯aneta;WITKOWSKA;01.07.1992;haslo11201;
202;Jagoda;MAZUR;01.03.1989;haslo31202;
203;Antoni;B¥K;01.05.1983;haslo58203;
204;Jadwiga;CHMIELEWSKA;01.08.1989;haslo49204;
205;Jan;SZCZEPAÑSKA;01.08.1979;haslo22205;
206;Lucyna;PAWLUK;01.04.1981;haslo5206;
207;Pamela;WOJCIECHOWSKA;01.09.1991;haslo26207;
208;Antoni;PIETRZAK;01.09.1991;haslo5208;
209;Adrianna;JASIÑSKA;01.05.1998;haslo45209;
210;Sylwia;GRABOWSKA;01.07.1997;haslo58210;
211;¯aneta;SZEKPSIR;01.10.1993;haslo2211;
212;Arkadiusz;DUDA;01.01.1985;haslo34212;
213;Zbigniew;NOWICKA;01.11.1980;haslo1213;
214;Sylwia;KRAWCZYK;01.06.1975;haslo43214;
215;Stanis³aw;DUDA;01.03.1989;haslo48215;
216;Albin;CHMIELEWSKA;01.05.1998;haslo16216;
217;Antoni;PIOTROWSKA;01.12.1972;haslo32217;
218;Pamela;PAWLAK;01.02.1972;haslo3218;
219;Katarzyna;SZCZEPAÑSKA;01.11.1985;haslo33219;
220;S³awomir;DUDEK;01.04.1996;haslo12220;
221;Zofia;WÓJCIK;01.08.1984;haslo38221;
222;Jacek;WITKOWSKA;01.08.1974;haslo53222;
223;Kamila;MACIEJEWSKA;01.12.1987;haslo30223;
224;Marzena;B¥K;01.07.1997;haslo7224;
225;Zofia;BARAN;01.01.1980;haslo61225;
226;Sylwia;JAKUBOWSKA;01.02.1977;haslo24226;
227;Martyna;SADOWSKA;01.07.1987;haslo31227;
228;Kamila;GRABOWSKA;01.11.1975;haslo60228;
229;Jagoda;LEWANDOWSKA;01.03.1994;haslo64229;
230;Maria;ZALEWSKA;01.08.1979;haslo6230;
231;Franciszek;WIECZOREK;01.09.1981;haslo66231;
232;Marcin;CHMIELEWSKA;01.08.1994;haslo60232;
233;Arleta;MICHALSKA;01.06.1975;haslo21233;
234;Lilianna;MICHALSKA;01.07.1982;haslo55234;
235;Maciej;KOWALCZYK;01.06.1985;haslo43235;
236;Aneta;SOKO£OWSKA;01.04.1991;haslo64236;
237;Franciszek;KWIATKOWSKA;01.05.1973;haslo51237;
238;Leon;M¥CZKA;01.12.1992;haslo68238;
239;Nikola;KALINOWSKA;01.05.1988;haslo5239;
240;Maksymilian;KORYTKOWSKI;01.06.1970;haslo49240;
241;Helena;JAKUBOWSKA;01.04.1976;haslo7241;
242;Wiliam;PAW£OWSKA;01.12.1972;haslo22242;
243;Maria;KWIATKOWSKA;01.03.1974;haslo38243;
244;Wiliam;DUDEK;01.11.1985;haslo34244;
245;Odetta;OLSZEWSKA;01.08.1979;haslo29245;
246;Lucyna;KOWALSKA;01.04.1996;haslo21246;
247;Nikola;PAW£OWSKA;01.06.1985;haslo63247;
248;Teresa;BA£KA;01.10.1988;haslo44248;
249;Arkadiusz;PIOTROWSKA;01.12.1992;haslo16249;
250;Marzena;NOWAK;01.02.1992;haslo30250;
251;Anna;DUDEK;01.09.1976;haslo39251;
252;Andrzej;WITKOWSKA;01.04.1996;haslo7252;
253;Maciej;KALINOWSKA;01.03.1994;haslo8253;
254;Nikola;JASIÑSKA;01.06.1975;haslo42254;
255;Leon;SZEKPSIR;01.02.1987;haslo10255;
256;Petronella;KUBIAK;01.08.1979;haslo33256;
257;Irena;SIKORA;01.04.1991;haslo64257;
258;Jacek;KAMIÑSKA;01.09.1976;haslo45258;
259;Krzysztof;KAMIÑSKA;01.09.1981;haslo50259;
260;Antonina;KRAWCZYK;01.03.1979;haslo26260;
261;Marika;SZEKPSIR;01.02.1972;haslo60261;
262;Maciej;ZALEWSKA;01.09.1971;haslo51262;
263;Anna;MICHALSKA;01.01.1990;haslo68263;
264;Pawe³;WIECZOREK;01.10.1998;haslo50264;
265;Petronella;DUDEK;01.10.1978;haslo56265;
266;Bo¿ena;RUTKOWSKA;01.12.1972;haslo45266;
267;Wincenty;KALINOWSKA;01.08.1984;haslo19267;
268;Wojciech;MACIEJEWSKA;01.06.1995;haslo40268;
269;¯aneta;KOWALSKA;01.10.1973;haslo50269;
270;Marcjanna;KWIATKOWSKA;01.09.1971;haslo42270;
271;Martyna;KUBIAK;01.09.1981;haslo59271;
272;Bogumi³a;KUBIAK;01.10.1988;haslo61272;
273;Arkadiusz;BARAN;01.01.1975;haslo4273;
274;Odetta;MAJEWSKA;01.01.1975;haslo8274;
275;Magdalena;WYSOCKA;01.02.1977;haslo15275;
276;Andrzej;RUTKOWSKA;01.02.1977;haslo21276;
277;Petronella;SADOWSKA;01.01.1975;haslo57277;
278;Arleta;DUDEK;01.11.1970;haslo45278;
279;S³awomir;PIETRZAK;01.09.1996;haslo9279;
280;Maria;W£ODARCZYK;01.02.1997;haslo26280;
281;Ariana;SZCZEPAÑSKA;01.03.1979;haslo51281;
282;Martyna;MAKOWSKA;01.02.1972;haslo62282;
283;Jacek;JAWORSKA;01.11.1990;haslo18283;
284;Arleta;MACIEJEWSKA;01.06.1975;haslo46284;
285;Jagoda;WIECZOREK;01.04.1986;haslo63285;
286;Piotr;LEWANDOWSKA;01.05.1988;haslo21286;
287;Jacek;NOWAK;01.07.1992;haslo2287;
288;Marcin;MAZUR;01.09.1976;haslo48288;
289;Andrzej;SZEWCZYK;01.05.1988;haslo27289;
290;Arleta;WILK;01.07.1977;haslo15290;
291;Wojciech;KOWALSKA;01.01.1975;haslo38291;
292;Jagna;SZEWCZYK;01.01.1980;haslo15292;
293;Marcin;PIOTROWSKA;01.10.1983;haslo52293;
294;Józef;KAMIÑSKA;01.11.1980;haslo29294;
295;Gracjan;MACIEJEWSKA;01.08.1989;haslo35295;
296;Wincenty;JASIÑSKA;01.01.1970;haslo68296;
297;Andrzej;BARAN;01.10.1973;haslo56297;
298;Agnieszka;KUBIAK;01.09.1991;haslo36298;
299;Julia;WIECZOREK;01.06.1995;haslo37299;
300;Julian;MACIEJEWSKA;01.02.1992;haslo52300;
301;Zbigniew;ZALEWSKA;01.02.1977;haslo50301;
302;Natan;SAWICKA;01.03.1979;haslo5302;
303;Krzysztof;KACZMAREK;01.07.1972;haslo18303;
304;Hanna;KUCHARSKA;01.11.1970;haslo46304;
305;Pawe³;SIKORA;01.04.1971;haslo19305;
306;Józef;BORKOWSKA;01.02.1987;haslo43306;
307;Katarzyna;NOWICKA;01.02.1972;haslo66307;
308;Julian;PACZOS;01.03.1994;haslo33308;
309;Lilianna;KALINOWSKA;01.05.1993;haslo54309;
310;Zofia;MICHALAK;01.01.1975;haslo44310;
311;Jozue;MICHALAK;01.05.1983;haslo70311;
312;Wincenty;KRAWCZYK;01.07.1987;haslo41312;
313;Teresa;SZEWCZYK;01.05.1998;haslo19313;
314;Dominika;JANKOWSKA;01.10.1993;haslo27314;
315;Andrzej;JANKOWSKA;01.01.1985;haslo66315;
316;Zuzanna;WILK;01.01.1975;haslo66316;
317;Maksymilian;KORYTKOWSKI;01.06.1975;haslo58317;
318;Albin;LIS;01.10.1988;haslo40318;
319;Jozue;WOJCIECHOWSKA;01.11.1985;haslo34319;
320;Andrzej;KWIATKOWSKA;01.04.1981;haslo58320;
321;Arkadiusz;KWIATKOWSKA;01.08.1994;haslo16321;
322;Maria;RUTKOWSKA;01.07.1987;haslo2322;
323;Wojciech;SOKO£OWSKA;01.01.1995;haslo7323;
324;Marzena;LIS;01.03.1979;haslo41324;
325;Aneta;SIKORA;01.03.1994;haslo52325;
326;Martyna;ADAMCZYK;01.04.1991;haslo41326;
327;Arkadiusz;B¥K;01.04.1971;haslo22327;
328;Julian;KORYTKOWSKI;01.04.1996;haslo54328;
329;Joanna;KAMIÑSKA;01.04.1996;haslo40329;
330;Joanna;LIS;01.10.1993;haslo17330;
331;Mirella;OLSZEWSKA;01.05.1973;haslo47331;
332;Franciszek;WÓJCIK;01.11.1990;haslo67332;
333;Marcjanna;PIOTROWSKA;01.11.1980;haslo59333;
334;Antoni;MAKOWSKA;01.11.1985;haslo42334;
335;Marcjanna;PIOTROWSKA;01.08.1984;haslo20335;
336;Nikola;MALINOWSKA;01.08.1984;haslo69336;
337;Bo¿ena;SZEWCZYK;01.05.1978;haslo6337;
338;Anna;NOWICKA;01.09.1976;haslo13338;
339;Szymon;MALINOWSKA;01.07.1987;haslo50339;
340;Wojciech;SIKORA;01.12.1992;haslo32340;
341;Zuzanna;TOMASZEWSKA;01.11.1980;haslo59341;
342;Sylwia;TOMASZEWSKA;01.03.1984;haslo70342;
343;Zbigniew;BA£KA;01.02.1972;haslo6343;
344;Antonina;WYSOCKA;01.04.1981;haslo17344;
345;Maciej;WALCZAK;01.12.1997;haslo37345;
346;Adrianna;SOKO£OWSKA;01.10.1973;haslo37346;
347;Maksymilian;KWIATKOWSKA;01.08.1984;haslo26347;
348;Martyna;LEWANDOWSKA;01.09.1971;haslo53348;
349;Adrianna;PAPIERZEWSKI;01.12.1972;haslo65349;
350;Jozue;MACIEJEWSKA;01.06.1980;haslo13350;
351;Stanis³aw;PAWLAK;01.09.1996;haslo26351;
352;Jacek;NOWAK;01.05.1978;haslo25352;
353;Izabela;PAW£OWSKA;01.09.1991;haslo47353;
354;Marzena;ZAWADZKA;01.02.1977;haslo29354;
355;Marzena;SZEKPSIR;01.04.1981;haslo31355;
356;Maksymilian;KUBIAK;01.02.1977;haslo44356;
357;Katarzyna;JAWORSKA;01.06.1980;haslo51357;
358;Magdalena;KWIATKOWSKA;01.07.1977;haslo69358;
359;Marika;ZALEWSKA;01.07.1977;haslo18359;
360;Sylwia;LIS;01.05.1978;haslo20360;
361;Marzena;LIS;01.01.1985;haslo54361;
362;Julia;SZEWCZYK;01.04.1971;haslo16362;
363;Helena;NOWAKOWSKA;01.11.1970;haslo1363;
364;Lucyna;JAKUBOWSKA;01.06.1970;haslo70364;
365;Mirella;ADAMCZYK;01.01.1970;haslo6365;
366;Petronella;PAPIERZEWSKI;01.03.1989;haslo36366;
367;¯aneta;PAW£OWSKA;01.06.1975;haslo31367;
368;Antoni;SAWICKA;01.02.1997;haslo55368;
369;Agnieszka;PAPIERZEWSKI;01.12.1992;haslo44369;
370;Zuzanna;PAWLUK;01.10.1978;haslo63370;
371;Jagoda;WIECZOREK;01.10.1973;haslo11371;
372;Lilianna;LIS;01.08.1984;haslo54372;
373;Helena;KACZMAREK;01.09.1996;haslo28373;
374;Adrianna;MARCINIAK;01.11.1975;haslo22374;
375;¯aneta;PAWLAK;01.03.1984;haslo41375;
376;Dominika;BARAN;01.09.1991;haslo66376;
377;Antonina;MARCINIAK;01.08.1984;haslo32377;
378;Maksymilian;M¥CZKA;01.01.1975;haslo55378;
379;Marcin;GRABOWSKA;01.05.1978;haslo39379;
380;Anna;NOWICKA;01.06.1975;haslo54380;
381;Natan;LIS;01.11.1980;haslo49381;
382;Petronella;MARCINIAK;01.10.1983;haslo68382;
383;Zbigniew;KWIATKOWSKA;01.10.1978;haslo54383;
384;Maksymilian;CHMIELEWSKA;01.11.1980;haslo37384;
385;Wojciech;NOWICKA;01.04.1991;haslo29385;
386;Wojciech;M¥CZKA;01.01.1985;haslo49386;
387;Marcjanna;JANKOWSKA;01.02.1982;haslo67387;
388;Piotr;BARAN;01.12.1992;haslo7388;
389;Julian;SADOWSKA;01.09.1991;haslo26389;
390;Józef;JAKUBOWSKA;01.06.1995;haslo43390;
391;Lilianna;PACZOS;01.02.1997;haslo41391;
392;Dorota;B¥K;01.09.1981;haslo1392;
393;Jagna;MARCINIAK;01.11.1985;haslo70393;
394;Adrianna;KOWALCZYK;01.05.1983;haslo37394;
395;Andrzej;SZCZEPAÑSKA;01.01.1980;haslo10395;
396;Nikola;WITKOWSKA;01.10.1998;haslo19396;
397;Kamila;WIECZOREK;01.09.1971;haslo58397;
398;Wioleta;KRAWCZYK;01.04.1976;haslo52398;
399;Jozue;NOWAK;01.01.1980;haslo59399;
400;Bogumi³a;WÓJCIK;01.12.1977;haslo58400;
401;Zuzanna;JASIÑSKA;01.08.1994;haslo34401;
402;Dorota;MAKOWSKA;01.10.1993;haslo53402;
403;Kamila;KRAWCZYK;01.02.1992;haslo45403;
404;Antonina;ADAMCZYK;01.02.1997;haslo25404;
405;Arleta;PAWLAK;01.05.1998;haslo35405;
406;Zuzanna;SZEKPSIR;01.08.1984;haslo49406;
407;Lilianna;PAPIERZEWSKI;01.08.1984;haslo42407;
408;Katarzyna;BARAN;01.03.1979;haslo48408;
409;Irena;OSTROWSKA;01.05.1988;haslo15409;
410;Marzena;BA£KA;01.02.1977;haslo8410;
411;Jagoda;PAPIERZEWSKI;01.04.1981;haslo33411;
412;Jagna;SOKO£OWSKA;01.03.1994;haslo4412;
413;Maria;WITKOWSKA;01.03.1989;haslo43413;
414;Ariana;NOWAK;01.08.1989;haslo8414;
415;Bo¿ena;MICHALAK;01.07.1987;haslo70415;
416;Hanna;BARAN;01.02.1982;haslo4416;
417;Józef;TOMASZEWSKA;01.10.1993;haslo61417;
418;¯aneta;ZAWADZKA;01.07.1982;haslo56418;
419;Jagna;KALINOWSKA;01.12.1987;haslo32419;
420;Petronella;PACZOS;01.02.1972;haslo25420;
421;Julian;JAKUBOWSKA;01.12.1992;haslo38421;
422;¯aneta;LEWANDOWSKA;01.05.1993;haslo34422;
423;Marcjanna;B¥K;01.01.1990;haslo26423;
424;Antoni;KACZMAREK;01.01.1995;haslo66424;
425;Wioleta;BA£KA;01.03.1989;haslo10425;
426;Ariana;MICHALAK;01.08.1989;haslo53426;
427;Katarzyna;KACZMAREK;01.12.1977;haslo43427;
428;Stanis³aw;SADOWSKA;01.11.1970;haslo12428;
429;Maksymilian;OLSZEWSKA;01.06.1990;haslo26429;
430;Wioleta;BARAN;01.06.1980;haslo7430;
431;Magdalena;WRÓBLEWSKA;01.07.1987;haslo28431;
432;Martyna;DUDA;01.04.1976;haslo46432;
433;Piotr;W£ODARCZYK;01.10.1983;haslo3433;
434;Zuzanna;RUTKOWSKA;01.05.1978;haslo40434;
435;Maksymilian;NOWAK;01.04.1991;haslo68435;
436;Zuzanna;LEWANDOWSKA;01.05.1983;haslo61436;
437;Ariana;SZCZEPAÑSKA;01.03.1974;haslo68437;
438;¯aneta;MAZUR;01.06.1970;haslo49438;
439;Sylwia;MAKOWSKA;01.12.1977;haslo58439;
440;Antoni;OLSZEWSKA;01.06.1990;haslo33440;
441;Aleksander;WIECZOREK;01.04.1986;haslo46441;
442;Albin;KALINOWSKA;01.09.1991;haslo64442;
443;Leon;KOWALSKA;01.04.1976;haslo8443;
444;Bogumi³a;GRABOWSKA;01.01.1970;haslo61444;
445;Lucyna;LIS;01.12.1997;haslo57445;
446;Maksymilian;PIETRZAK;01.06.1985;haslo39446;
447;Jacek;JAWORSKA;01.09.1981;haslo55447;
448;Jagoda;KOWALCZYK;01.10.1988;haslo64448;
449;Maciej;DUDA;01.01.1970;haslo2449;
450;Jacek;KUCHARSKA;01.08.1989;haslo35450;
451;Teresa;CZARNECKA;01.12.1997;haslo41451;
452;Franciszek;OLSZEWSKA;01.11.1970;haslo9452;
453;Bogumi³a;ZAWADZKA;01.09.1991;haslo1453;
454;Krystyna;PAWLUK;01.06.1975;haslo51454;
455;Natan;PAWLUK;01.08.1979;haslo21455;
456;Jacek;JANKOWSKA;01.03.1974;haslo7456;
457;Hanna;MICHALSKA;01.11.1995;haslo42457;
458;Maria;OSTROWSKA;01.03.1984;haslo59458;
459;Gracjan;CHMIELEWSKA;01.03.1974;haslo10459;
460;Aleksander;SZEWCZYK;01.09.1971;haslo59460;
461;Adrianna;MAKOWSKA;01.09.1976;haslo15461;
462;Julia;KUCHARSKA;01.09.1996;haslo40462;
463;Aleksander;ZALEWSKA;01.07.1972;haslo43463;
464;Antoni;MALINOWSKA;01.11.1975;haslo28464;
465;Krzysztof;SZEKPSIR;01.01.1975;haslo13465;
466;Bo¿ena;NOWAK;01.01.1970;haslo18466;
467;Krzysztof;OLSZEWSKA;01.06.1990;haslo19467;
468;Izabela;NOWAKOWSKA;01.07.1977;haslo33468;
469;Zuzanna;BARAN;01.07.1992;haslo45469;
470;Aneta;SIKORA;01.06.1995;haslo18470;
471;Bogumi³a;PAW£OWSKA;01.06.1980;haslo4471;
472;Izabela;PAPIERZEWSKI;01.07.1977;haslo16472;
473;Agnieszka;PAPIERZEWSKI;01.12.1977;haslo69473;
474;Pawe³;KACZMAREK;01.08.1984;haslo6474;
475;Antoni;MALINOWSKA;01.07.1997;haslo13475;
476;Jagoda;LEWANDOWSKA;01.03.1979;haslo53476;
477;Lucyna;KOWALCZYK;01.08.1994;haslo48477;
478;Gracjan;SZEWCZYK;01.07.1977;haslo36478;
479;Bogumi³a;JAWORSKA;01.05.1983;haslo2479;
480;Jacek;WIECZOREK;01.10.1978;haslo12480;
481;Hanna;KUCHARSKA;01.06.1975;haslo63481;
482;Stanis³aw;ZAWADZKA;01.09.1971;haslo3482;
483;Albin;WÓJCIK;01.07.1982;haslo5483;
484;Maksymilian;KOWALSKA;01.09.1981;haslo25484;
485;Maksymilian;DUDA;01.06.1990;haslo68485;
486;Hanna;SADOWSKA;01.09.1971;haslo3486;
487;Dominika;PAPIERZEWSKI;01.10.1978;haslo20487;
488;Teresa;SIKORA;01.03.1989;haslo26488;
489;Szymon;ZAWADZKA;01.05.1993;haslo30489;
490;S³awomir;TOMASZEWSKA;01.07.1997;haslo25490;
491;Szymon;SIKORA;01.04.1996;haslo17491;
492;Zuzanna;KOWALCZYK;01.10.1988;haslo23492;
493;Marcjanna;JAKUBOWSKA;01.01.1980;haslo35493;
494;Zofia;KALINOWSKA;01.06.1970;haslo36494;
495;Leon;WITKOWSKA;01.01.1970;haslo1495;
496;Franciszek;WILK;01.05.1983;haslo55496;
497;Adrianna;PAW£OWSKA;01.02.1992;haslo47497;
498;Lucyna;MAZUR;01.07.1997;haslo19498;
499;Wincenty;W£ODARCZYK;01.12.1987;haslo28499;
500;Maria;KRAWCZYK;01.01.1990;haslo47500;
501;Szymon;JAKUBOWSKA;01.04.1981;haslo1501;
502;Dominika;NOWAK;01.09.1971;haslo61502;
503;Magdalena;MICHALAK;01.01.1970;haslo59503;
504;Dorota;SADOWSKA;01.10.1978;haslo70504;
505;Wioleta;SZEWCZYK;01.05.1998;haslo11505;
506;Wincenty;LIS;01.06.1990;haslo30506;
507;Sylwia;MAZUR;01.01.1990;haslo38507;
508;Arkadiusz;CZARNECKA;01.11.1990;haslo15508;
509;Marcin;NOWAK;01.06.1980;haslo22509;
510;Jacek;NOWAK;01.02.1977;haslo62510;
511;Leon;CHMIELEWSKA;01.04.1976;haslo59511;
512;Marzena;KOWALSKA;01.08.1974;haslo30512;
513;Wioleta;JAWORSKA;01.06.1995;haslo70513;
514;Stanis³aw;LEWANDOWSKA;01.03.1984;haslo56514;
515;Julia;KAMIÑSKA;01.01.1975;haslo43515;
516;Bogumi³a;MAZUR;01.01.1970;haslo65516;
517;Mirella;WRÓBLEWSKA;01.11.1980;haslo23517;
518;Nikola;BORKOWSKA;01.05.1983;haslo64518;
519;Odetta;ZALEWSKA;01.08.1979;haslo11519;
520;Jadwiga;DUDEK;01.02.1992;haslo34520;
521;Marika;KOWALSKA;01.04.1986;haslo67521;
522;Nikola;WILK;01.10.1993;haslo17522;
523;Leon;SZCZEPAÑSKA;01.09.1991;haslo24523;
524;Marcjanna;PAWLAK;01.01.1980;haslo19524;
525;Józef;NOWAKOWSKA;01.12.1987;haslo70525;
526;Zbigniew;WILK;01.03.1989;haslo33526;
527;Mirella;KAMIÑSKA;01.03.1994;haslo34527;
528;Bogumi³a;JANKOWSKA;01.01.1980;haslo9528;
529;Anna;BA£KA;01.02.1987;haslo32529;
530;Zbigniew;MALINOWSKA;01.02.1997;haslo30530;
531;Magdalena;SZCZEPAÑSKA;01.01.1970;haslo13531;
532;Krystyna;ZALEWSKA;01.08.1989;haslo32532;
533;Helena;ZAWADZKA;01.12.1997;haslo58533;
534;Dominika;PAWLUK;01.05.1983;haslo38534;
535;Nikola;OSTROWSKA;01.09.1996;haslo19535;
536;Marcin;KUBIAK;01.02.1992;haslo59536;
537;Jacek;PAWLUK;01.08.1974;haslo37537;
538;Joanna;OSTROWSKA;01.10.1998;haslo52538;
539;Krystyna;SZEKPSIR;01.08.1974;haslo61539;
540;Hanna;BARAN;01.03.1979;haslo31540;
541;Joanna;W£ODARCZYK;01.09.1971;haslo32541;
542;Irena;KORYTKOWSKI;01.02.1972;haslo35542;
543;Magdalena;CZARNECKA;01.07.1972;haslo17543;
544;Franciszek;MICHALSKA;01.12.1992;haslo64544;
545;Arleta;SOKO£OWSKA;01.01.1975;haslo38545;
546;Jan;WITKOWSKA;01.07.1972;haslo20546;
547;Nikola;PAW£OWSKA;01.10.1988;haslo51547;
548;Helena;NOWAK;01.05.1978;haslo53548;
549;Dominika;MARCINIAK;01.10.1983;haslo59549;
550;Natan;NOWICKA;01.02.1977;haslo2550;
551;Magdalena;ZALEWSKA;01.07.1977;haslo66551;
552;Helena;KRAWCZYK;01.05.1973;haslo56552;
553;Bogumi³a;MICHALSKA;01.02.1992;haslo25553;
554;Ariana;WILK;01.02.1987;haslo4554;
555;Hanna;SADOWSKA;01.05.1983;haslo44555;
556;Sylwia;KRAWCZYK;01.12.1972;haslo13556;
557;Izabela;OSTROWSKA;01.10.1973;haslo3557;
558;Anna;SAWICKA;01.01.1995;haslo56558;
559;Mirella;NOWAK;01.02.1992;haslo63559;
560;Mirella;DUDEK;01.02.1997;haslo33560;
561;Aleksander;MAJEWSKA;01.02.1977;haslo67561;
562;Antoni;PAPIERZEWSKI;01.01.1990;haslo21562;
563;Aneta;JAKUBOWSKA;01.07.1972;haslo28563;
564;Bo¿ena;ZAWADZKA;01.06.1995;haslo2564;
565;Julian;OLSZEWSKA;01.10.1993;haslo19565;
566;Józef;CHMIELEWSKA;01.03.1974;haslo15566;
567;Nikola;PIOTROWSKA;01.01.1990;haslo49567;
568;Adrianna;PAWLUK;01.11.1975;haslo36568;
569;S³awomir;WÓJCIK;01.02.1972;haslo34569;
570;Antonina;PIETRZAK;01.03.1974;haslo44570;
571;Jagna;ZALEWSKA;01.01.1985;haslo15571;
572;Wiliam;WÓJCIK;01.12.1977;haslo24572;
573;Wojciech;M¥CZKA;01.02.1972;haslo12573;
574;Zbigniew;WYSOCKA;01.05.1988;haslo26574;
575;Magdalena;KORYTKOWSKI;01.12.1992;haslo26575;
576;Andrzej;DUDEK;01.11.1970;haslo45576;
577;Katarzyna;LEWANDOWSKA;01.03.1979;haslo19577;
578;Jagoda;GRABOWSKA;01.01.1975;haslo4578;
579;Petronella;DUDEK;01.05.1983;haslo29579;
580;Wojciech;OSTROWSKA;01.09.1986;haslo33580;
581;Maciej;OLSZEWSKA;01.11.1995;haslo38581;
582;Marzena;PAPIERZEWSKI;01.12.1977;haslo22582;
583;Maksymilian;PAW£OWSKA;01.03.1984;haslo48583;
584;Pawe³;SAWICKA;01.10.1973;haslo12584;
585;Julia;SZEWCZYK;01.10.1988;haslo7585;
586;Szymon;MAKOWSKA;01.08.1994;haslo54586;
587;Leon;KOWALCZYK;01.04.1986;haslo61587;
588;Julia;PACZOS;01.12.1982;haslo62588;
589;Zbigniew;NOWICKA;01.02.1977;haslo44589;
590;Kamila;DUDEK;01.03.1974;haslo45590;
591;Szymon;KUCHARSKA;01.09.1996;haslo21591;
592;Julian;WITKOWSKA;01.05.1978;haslo53592;
593;Jan;ZALEWSKA;01.03.1994;haslo43593;
594;Helena;DUDEK;01.05.1993;haslo32594;
595;Zbigniew;MICHALAK;01.04.1996;haslo39595;
596;Teresa;CHMIELEWSKA;01.02.1997;haslo64596;
597;Ariana;NOWICKA;01.05.1973;haslo28597;
598;Jozue;MAKOWSKA;01.03.1984;haslo6598;
599;Jagna;WIECZOREK;01.11.1970;haslo45599;
600;Lilianna;DUDEK;01.06.1970;haslo52600;
601;Zofia;PAWLAK;01.09.1991;haslo46601;
602;Mirella;SIKORA;01.07.1982;haslo28602;
603;Kamila;LIS;01.07.1997;haslo68603;
604;Nikola;PAWLUK;01.02.1992;haslo53604;
605;Krzysztof;M¥CZKA;01.11.1990;haslo47605;
606;Izabela;PAWLUK;01.11.1985;haslo61606;
607;Irena;KALINOWSKA;01.05.1983;haslo31607;
608;Martyna;SZEWCZYK;01.05.1993;haslo37608;
609;Jadwiga;WRÓBLEWSKA;01.04.1991;haslo20609;
610;Gracjan;PAW£OWSKA;01.02.1987;haslo32610;
611;Arkadiusz;PIOTROWSKA;01.01.1970;haslo34611;
612;Odetta;M¥CZKA;01.12.1977;haslo16612;
613;Jadwiga;DUDA;01.04.1971;haslo46613;
614;Sylwia;LIS;01.07.1997;haslo11614;
615;Martyna;JAKUBOWSKA;01.11.1995;haslo23615;
616;Jagna;KALINOWSKA;01.02.1982;haslo66616;
617;Krzysztof;SOKO£OWSKA;01.03.1989;haslo9617;
618;Antonina;CHMIELEWSKA;01.01.1980;haslo12618;
619;Zofia;MAKOWSKA;01.02.1997;haslo34619;
620;Jozue;WOJCIECHOWSKA;01.12.1972;haslo15620;
621;Katarzyna;PAWLAK;01.12.1977;haslo49621;
622;Jadwiga;SZEKPSIR;01.01.1970;haslo63622;
623;Maksymilian;GRABOWSKA;01.11.1970;haslo46623;
624;Marzena;MAZUR;01.03.1974;haslo42624;
625;Ariana;PACZOS;01.12.1987;haslo25625;
626;Aneta;BORKOWSKA;01.03.1989;haslo17626;
627;Franciszek;MAJEWSKA;01.08.1974;haslo47627;
628;Maria;KOWALSKA;01.08.1984;haslo11628;
629;Maksymilian;BA£KA;01.10.1978;haslo41629;
630;Arkadiusz;WOJCIECHOWSKA;01.11.1980;haslo57630;
631;Arleta;RUTKOWSKA;01.10.1983;haslo6631;
632;Jadwiga;SADOWSKA;01.02.1972;haslo57632;
633;Zuzanna;RUTKOWSKA;01.05.1998;haslo31633;
634;Lucyna;MICHALSKA;01.05.1973;haslo47634;
635;Pamela;MARCINIAK;01.03.1989;haslo33635;
636;Petronella;RUTKOWSKA;01.04.1991;haslo51636;
637;Antonina;PIOTROWSKA;01.10.1983;haslo41637;
638;Nikola;KALINOWSKA;01.02.1977;haslo61638;
639;Józef;WILK;01.07.1997;haslo18639;
640;Helena;PAPIERZEWSKI;01.02.1987;haslo36640;
641;Irena;B¥K;01.09.1996;haslo9641;
642;Adrianna;RUTKOWSKA;01.02.1992;haslo33642;
643;Izabela;DUDEK;01.08.1979;haslo6643;
644;Jagna;WILK;01.07.1997;haslo59644;
645;Jacek;TOMASZEWSKA;01.10.1973;haslo63645;
646;Zofia;PIETRZAK;01.08.1979;haslo38646;
647;Martyna;B¥K;01.07.1987;haslo19647;
648;Bo¿ena;SADOWSKA;01.03.1994;haslo27648;
649;Maksymilian;NOWAK;01.11.1970;haslo4649;
650;Wincenty;DUDEK;01.12.1992;haslo10650;
651;Aneta;SADOWSKA;01.07.1987;haslo57651;
652;Lilianna;WALCZAK;01.01.1985;haslo49652;
653;Jan;KORYTKOWSKI;01.08.1974;haslo15653;
654;Julian;MAKOWSKA;01.09.1991;haslo59654;
655;Maciej;WOJCIECHOWSKA;01.09.1996;haslo34655;
656;Adrianna;KAMIÑSKA;01.02.1982;haslo64656;
657;Wojciech;KRAWCZYK;01.04.1981;haslo54657;
658;Sylwia;BA£KA;01.06.1970;haslo7658;
659;Bernadetta;SZEWCZYK;01.04.1976;haslo24659;
660;Dorota;PIOTROWSKA;01.12.1977;haslo29660;
661;Jagoda;NOWICKA;01.01.1995;haslo28661;
662;Szymon;KACZMAREK;01.02.1972;haslo70662;
663;Odetta;PAWLUK;01.11.1995;haslo21663;
664;Teresa;JAKUBOWSKA;01.04.1971;haslo43664;
665;Wioleta;W£ODARCZYK;01.02.1972;haslo10665;
666;Dorota;MARCINIAK;01.12.1972;haslo29666;
667;Aleksander;JAKUBOWSKA;01.10.1993;haslo28667;
668;Odetta;KUBIAK;01.11.1970;haslo35668;
669;Bogumi³a;SZCZEPAÑSKA;01.04.1976;haslo54669;
670;Teresa;ZAWADZKA;01.04.1981;haslo12670;
671;Helena;WIECZOREK;01.04.1976;haslo6671;
672;Leon;PAWLUK;01.10.1998;haslo19672;
673;Jozue;MAZUR;01.12.1987;haslo22673;
674;Wincenty;PAWLAK;01.08.1989;haslo24674;
675;Izabela;MARCINIAK;01.04.1996;haslo64675;
676;Marcjanna;KOWALCZYK;01.08.1994;haslo21676;
677;Krzysztof;PIOTROWSKA;01.03.1974;haslo58677;
678;Julian;LIS;01.11.1985;haslo59678;
679;Krzysztof;MALINOWSKA;01.07.1987;haslo23679;
680;Joanna;SZEWCZYK;01.09.1991;haslo50680;
681;Zbigniew;MAZUR;01.11.1995;haslo4681;
682;Zuzanna;PAWLUK;01.03.1989;haslo12682;
683;Helena;WILK;01.04.1971;haslo2683;
684;Maksymilian;MARCINIAK;01.09.1971;haslo27684;
685;Stanis³aw;ADAMCZYK;01.05.1973;haslo35685;
686;Antoni;KRAWCZYK;01.05.1998;haslo44686;
687;Hanna;KORYTKOWSKI;01.11.1990;haslo9687;
688;Albin;WÓJCIK;01.02.1997;haslo56688;
689;Aleksander;MALINOWSKA;01.08.1994;haslo32689;
690;Katarzyna;KUCHARSKA;01.02.1997;haslo17690;
691;Antonina;PAW£OWSKA;01.04.1991;haslo66691;
692;Helena;CHMIELEWSKA;01.02.1982;haslo22692;
693;Marzena;WITKOWSKA;01.05.1973;haslo16693;
694;Jadwiga;JAWORSKA;01.02.1987;haslo43694;
695;Maksymilian;WIECZOREK;01.06.1995;haslo4695;
696;Magdalena;GRABOWSKA;01.04.1996;haslo26696;
697;Dominika;MARCINIAK;01.07.1977;haslo4697;
698;Ariana;PIETRZAK;01.07.1972;haslo37698;
699;Maria;MARCINIAK;01.08.1984;haslo49699;
700;Lucyna;OLSZEWSKA;01.09.1986;haslo20700;
701;Teresa;KORYTKOWSKI;01.05.1983;haslo43701;
702;Wincenty;LEWANDOWSKA;01.05.1983;haslo69702;
703;Nikola;CZARNECKA;01.12.1997;haslo14703;
704;Izabela;MAKOWSKA;01.04.1976;haslo39704;
705;Wiliam;SZCZEPAÑSKA;01.08.1979;haslo22705;
706;Julia;CZARNECKA;01.12.1992;haslo24706;
707;¯aneta;PAWLAK;01.06.1985;haslo33707;
708;Sylwia;KWIATKOWSKA;01.12.1977;haslo41708;
709;Maksymilian;LIS;01.01.1995;haslo39709;
710;Jacek;MARCINIAK;01.09.1976;haslo2710;
711;Teresa;BORKOWSKA;01.08.1994;haslo21711;
712;Jagna;WYSOCKA;01.03.1979;haslo64712;
713;Marcin;KOWALSKA;01.07.1977;haslo27713;
714;Wiliam;ZALEWSKA;01.06.1985;haslo63714;
715;Bernadetta;SADOWSKA;01.03.1984;haslo51715;
716;Wioleta;SOKO£OWSKA;01.05.1978;haslo55716;
717;Leon;MAKOWSKA;01.05.1978;haslo35717;
718;Antonina;PAPIERZEWSKI;01.09.1971;haslo52718;
719;Franciszek;PAWLUK;01.06.1975;haslo12719;
720;Jacek;JAKUBOWSKA;01.11.1975;haslo51720;
721;Maciej;OSTROWSKA;01.02.1987;haslo3721;
722;Magdalena;KALINOWSKA;01.10.1998;haslo9722;
723;Maciej;JANKOWSKA;01.09.1976;haslo61723;
724;Maria;WÓJCIK;01.01.1975;haslo2724;
725;Zofia;MICHALAK;01.04.1996;haslo18725;
726;Pamela;ZALEWSKA;01.10.1973;haslo41726;
727;Dorota;SIKORA;01.03.1974;haslo56727;
728;Katarzyna;KACZMAREK;01.11.1975;haslo58728;
729;Jadwiga;JAKUBOWSKA;01.01.1980;haslo31729;
730;Petronella;JAWORSKA;01.07.1982;haslo67730;
731;Aneta;WRÓBLEWSKA;01.06.1990;haslo38731;
732;Albin;PIETRZAK;01.01.1975;haslo57732;
733;Franciszek;PAWLUK;01.07.1982;haslo63733;
734;Albin;NOWICKA;01.05.1993;haslo12734;
735;Leon;DUDEK;01.11.1975;haslo1735;
736;Piotr;PAW£OWSKA;01.10.1988;haslo23736;
737;Sylwia;ZALEWSKA;01.04.1981;haslo3737;
738;Arkadiusz;CZARNECKA;01.08.1994;haslo70738;
739;Nikola;WALCZAK;01.11.1995;haslo62739;
740;Leon;JAKUBOWSKA;01.07.1972;haslo32740;
741;Anna;LIS;01.09.1976;haslo47741;
742;Piotr;JASIÑSKA;01.08.1984;haslo28742;
743;Pawe³;LEWANDOWSKA;01.08.1974;haslo62743;
744;Ariana;SZEKPSIR;01.05.1978;haslo25744;
745;Magdalena;KWIATKOWSKA;01.05.1988;haslo57745;
746;Natan;KORYTKOWSKI;01.09.1971;haslo48746;
747;Odetta;OLSZEWSKA;01.11.1970;haslo28747;
748;Marzena;SZEWCZYK;01.02.1997;haslo25748;
749;Józef;PAW£OWSKA;01.10.1988;haslo31749;
750;Wioleta;PAWLUK;01.02.1972;haslo65750;
751;Agnieszka;KALINOWSKA;01.08.1989;haslo26751;
752;Arkadiusz;LEWANDOWSKA;01.12.1997;haslo67752;
753;Wojciech;LIS;01.12.1982;haslo7753;
754;Anna;KORYTKOWSKI;01.07.1987;haslo62754;
755;Katarzyna;LEWANDOWSKA;01.11.1970;haslo11755;
756;Kamila;KAMIÑSKA;01.07.1982;haslo4756;
757;Lilianna;OSTROWSKA;01.01.1970;haslo58757;
758;Leon;KOWALSKA;01.08.1984;haslo12758;
759;Franciszek;PAW£OWSKA;01.11.1985;haslo47759;
760;Katarzyna;SZEKPSIR;01.05.1983;haslo13760;
761;Jacek;DUDEK;01.04.1976;haslo13761;
762;Martyna;MICHALSKA;01.01.1970;haslo37762;
763;Jadwiga;WILK;01.09.1991;haslo41763;
764;Helena;WIECZOREK;01.03.1989;haslo21764;
765;Jadwiga;PAW£OWSKA;01.12.1997;haslo39765;
766;Magdalena;PACZOS;01.10.1983;haslo44766;
767;Leon;JAWORSKA;01.06.1990;haslo26767;
768;Bogumi³a;OSTROWSKA;01.01.1985;haslo64768;
769;Nikola;PIOTROWSKA;01.08.1994;haslo19769;
770;Albin;M¥CZKA;01.12.1982;haslo36770;
771;Irena;NOWAK;01.04.1986;haslo37771;
772;Marzena;KALINOWSKA;01.10.1993;haslo65772;
773;Jagoda;MAKOWSKA;01.10.1983;haslo30773;
774;Albin;SADOWSKA;01.02.1977;haslo40774;
775;Adrianna;MALINOWSKA;01.08.1979;haslo1775;
776;Odetta;ZALEWSKA;01.02.1977;haslo11776;
777;Pamela;WRÓBLEWSKA;01.11.1985;haslo52777;
778;Katarzyna;WITKOWSKA;01.12.1977;haslo6778;
779;Petronella;BARAN;01.12.1992;haslo9779;
780;Sylwia;OSTROWSKA;01.02.1987;haslo8780;
781;Natan;BA£KA;01.04.1976;haslo33781;
782;Dorota;WÓJCIK;01.03.1984;haslo3782;
783;Stanis³aw;JAWORSKA;01.01.1995;haslo67783;
784;Marcin;WALCZAK;01.02.1997;haslo59784;
785;Pawe³;SAWICKA;01.03.1994;haslo6785;
786;Dorota;KOWALSKA;01.04.1996;haslo48786;
787;Bernadetta;BORKOWSKA;01.01.1970;haslo52787;
788;Katarzyna;M¥CZKA;01.08.1989;haslo37788;
789;Albin;SZEKPSIR;01.10.1973;haslo37789;
790;Wiliam;MICHALAK;01.04.1981;haslo35790;
791;¯aneta;MARCINIAK;01.07.1992;haslo3791;
792;Maksymilian;SADOWSKA;01.05.1988;haslo2792;
793;Antonina;PIOTROWSKA;01.03.1994;haslo2793;
794;Kamila;KOWALCZYK;01.04.1991;haslo12794;
795;Katarzyna;JASIÑSKA;01.11.1995;haslo60795;
796;Odetta;OSTROWSKA;01.02.1997;haslo64796;
797;Stanis³aw;KALINOWSKA;01.06.1995;haslo61797;
798;Wiliam;KACZMAREK;01.09.1971;haslo33798;
799;Sylwia;ZALEWSKA;01.11.1990;haslo58799;
800;Magdalena;M¥CZKA;01.06.1975;haslo25800;
801;Jadwiga;OSTROWSKA;01.11.1990;haslo38801;
802;Krzysztof;KOWALSKA;01.05.1978;haslo57802;
803;Aleksander;SZEKPSIR;01.11.1985;haslo64803;
804;Krzysztof;MAKOWSKA;01.06.1975;haslo9804;
805;Zuzanna;PAWLUK;01.05.1973;haslo29805;
806;Lucyna;PAWLUK;01.11.1970;haslo60806;
807;S³awomir;JANKOWSKA;01.01.1980;haslo39807;
808;Jagna;KACZMAREK;01.05.1998;haslo40808;
809;Krystyna;SZEKPSIR;01.10.1993;haslo42809;
810;Aneta;NOWAK;01.09.1981;haslo30810;
811;Jan;JAWORSKA;01.04.1981;haslo31811;
812;Kamila;SZEKPSIR;01.08.1974;haslo51812;
813;Marcin;SADOWSKA;01.07.1972;haslo63813;
814;Jagna;OSTROWSKA;01.08.1989;haslo48814;
815;Teresa;PAPIERZEWSKI;01.04.1986;haslo10815;
816;Jacek;PAPIERZEWSKI;01.11.1980;haslo24816;
817;Marika;BARAN;01.01.1975;haslo49817;
818;Marika;DUDEK;01.12.1972;haslo52818;
819;Pawe³;MICHALAK;01.06.1980;haslo8819;
820;Zbigniew;CZARNECKA;01.12.1992;haslo26820;
821;Arkadiusz;KRAWCZYK;01.05.1978;haslo46821;
822;Stanis³aw;BA£KA;01.07.1987;haslo7822;
823;Jadwiga;W£ODARCZYK;01.04.1996;haslo22823;
824;Marika;PAWLAK;01.06.1980;haslo47824;
825;Franciszek;SIKORA;01.11.1975;haslo61825;
826;S³awomir;PAPIERZEWSKI;01.06.1975;haslo43826;
827;Bogumi³a;ADAMCZYK;01.09.1971;haslo13827;
828;Magdalena;WÓJCIK;01.05.1988;haslo38828;
829;Lilianna;PAWLUK;01.07.1997;haslo11829;
830;Julia;DUDEK;01.02.1972;haslo6830;
831;Marzena;M¥CZKA;01.01.1995;haslo1831;
832;Maciej;KUBIAK;01.09.1976;haslo8832;
833;Antonina;KWIATKOWSKA;01.02.1982;haslo4833;
834;Lilianna;ZAWADZKA;01.05.1978;haslo66834;
835;Pamela;MICHALSKA;01.07.1977;haslo39835;
836;Wioleta;PAWLAK;01.09.1971;haslo37836;
837;Martyna;SZEKPSIR;01.01.1995;haslo56837;
838;Wioleta;OSTROWSKA;01.11.1975;haslo66838;
839;Zuzanna;MARCINIAK;01.06.1985;haslo39839;
840;Lucyna;ZAWADZKA;01.04.1991;haslo46840;
841;Wincenty;CZARNECKA;01.04.1996;haslo36841;
842;Krzysztof;KUBIAK;01.12.1987;haslo25842;
843;Stanis³aw;ZALEWSKA;01.12.1977;haslo32843;
844;Dominika;NOWAK;01.10.1978;haslo47844;
845;Maria;CZARNECKA;01.09.1986;haslo9845;
846;Wojciech;CHMIELEWSKA;01.02.1972;haslo64846;
847;Zuzanna;OSTROWSKA;01.02.1977;haslo69847;
848;Maciej;BORKOWSKA;01.12.1972;haslo11848;
849;Helena;WILK;01.05.1993;haslo69849;
850;Pawe³;CZARNECKA;01.09.1971;haslo28850;
851;Kamila;KALINOWSKA;01.10.1978;haslo1851;
852;Ariana;KRAWCZYK;01.02.1972;haslo31852;
853;Wioleta;B¥K;01.03.1989;haslo15853;
854;Szymon;KUCHARSKA;01.12.1997;haslo53854;
855;Zuzanna;WYSOCKA;01.01.1970;haslo17855;
856;Jacek;LIS;01.06.1995;haslo9856;
857;Aleksander;NOWAKOWSKA;01.11.1980;haslo41857;
858;Teresa;KUBIAK;01.05.1988;haslo5858;
859;Anna;W£ODARCZYK;01.02.1997;haslo48859;
860;Nikola;LEWANDOWSKA;01.10.1993;haslo45860;
861;Jacek;PAWLAK;01.06.1975;haslo57861;
862;Lilianna;WIECZOREK;01.03.1974;haslo56862;
863;Krystyna;KUBIAK;01.03.1984;haslo1863;
864;Józef;PACZOS;01.04.1976;haslo67864;
865;Bo¿ena;KOWALSKA;01.08.1979;haslo67865;
866;Martyna;NOWICKA;01.01.1980;haslo9866;
867;Lucyna;MARCINIAK;01.08.1989;haslo12867;
868;Bogumi³a;MAKOWSKA;01.03.1984;haslo8868;
869;Marcin;DUDEK;01.10.1993;haslo45869;
870;Hanna;JAWORSKA;01.11.1990;haslo1870;
871;Bernadetta;PAWLUK;01.02.1982;haslo59871;
872;Anna;OLSZEWSKA;01.09.1976;haslo32872;
873;Lucyna;PACZOS;01.09.1976;haslo28873;
874;Kamila;MAJEWSKA;01.12.1982;haslo17874;
875;Jagoda;PAWLUK;01.04.1996;haslo26875;
876;Albin;PAW£OWSKA;01.12.1997;haslo10876;
877;¯aneta;ADAMCZYK;01.12.1977;haslo20877;
878;Ariana;WILK;01.08.1974;haslo9878;
879;Krystyna;JASIÑSKA;01.10.1973;haslo10879;
880;Gracjan;PAPIERZEWSKI;01.03.1984;haslo52880;
881;Zbigniew;KRAWCZYK;01.12.1992;haslo30881;
882;Jan;KOWALSKA;01.02.1992;haslo45882;
883;Dorota;MAJEWSKA;01.04.1976;haslo50883;
884;Ariana;SZEKPSIR;01.12.1997;haslo49884;
885;Jan;PAW£OWSKA;01.10.1973;haslo4885;
886;Jagna;CZARNECKA;01.05.1978;haslo44886;
887;Franciszek;SOKO£OWSKA;01.01.1990;haslo59887;
888;Bo¿ena;NOWAKOWSKA;01.01.1995;haslo39888;
889;Aneta;NOWAKOWSKA;01.10.1983;haslo14889;
890;Zbigniew;SAWICKA;01.07.1982;haslo60890;
891;Leon;WOJCIECHOWSKA;01.02.1987;haslo70891;
892;¯aneta;W£ODARCZYK;01.08.1979;haslo12892;
893;Wojciech;WITKOWSKA;01.12.1972;haslo4893;
894;Katarzyna;OSTROWSKA;01.05.1983;haslo24894;
895;Jozue;WITKOWSKA;01.01.1970;haslo48895;
896;Andrzej;NOWAKOWSKA;01.09.1996;haslo67896;
897;Wojciech;MALINOWSKA;01.12.1982;haslo34897;
898;Maciej;JAWORSKA;01.03.1994;haslo70898;
899;Irena;CZARNECKA;01.03.1994;haslo50899;
900;Pamela;MALINOWSKA;01.01.1990;haslo34900;
901;Andrzej;KUBIAK;01.10.1993;haslo54901;
902;Martyna;PIOTROWSKA;01.06.1980;haslo20902;
903;Andrzej;PAWLAK;01.04.1991;haslo38903;
904;Józef;M¥CZKA;01.06.1970;haslo60904;
905;Albin;PAWLUK;01.08.1974;haslo64905;
906;Sylwia;MACIEJEWSKA;01.03.1979;haslo17906;
907;Maksymilian;WYSOCKA;01.02.1997;haslo27907;
908;Wincenty;WALCZAK;01.02.1992;haslo26908;
909;Andrzej;SADOWSKA;01.08.1984;haslo22909;
910;Anna;SZEKPSIR;01.09.1986;haslo69910;
911;Zbigniew;W£ODARCZYK;01.06.1985;haslo67911;
912;Zofia;KUCHARSKA;01.01.1985;haslo68912;
913;Antoni;PAWLUK;01.12.1982;haslo51913;
914;Teresa;NOWAKOWSKA;01.01.1970;haslo45914;
915;Teresa;JAKUBOWSKA;01.04.1991;haslo24915;
916;Andrzej;DUDA;01.04.1986;haslo55916;
917;Jan;KALINOWSKA;01.07.1997;haslo43917;
918;Arkadiusz;JAKUBOWSKA;01.11.1970;haslo2918;
919;Anna;KWIATKOWSKA;01.08.1994;haslo19919;
920;Gracjan;B¥K;01.10.1978;haslo51920;
921;Antoni;NOWICKA;01.12.1982;haslo56921;
922;Jadwiga;PAWLUK;01.09.1971;haslo63922;
923;Petronella;SIKORA;01.05.1983;haslo52923;
924;Arkadiusz;PIOTROWSKA;01.02.1997;haslo62924;
925;Wojciech;BORKOWSKA;01.02.1992;haslo4925;
926;Jan;PAWLAK;01.08.1989;haslo41926;
927;Dominika;CZARNECKA;01.09.1991;haslo64927;
928;Dorota;KWIATKOWSKA;01.02.1982;haslo39928;
929;Stanis³aw;PAPIERZEWSKI;01.06.1995;haslo57929;
930;Pamela;PIOTROWSKA;01.11.1970;haslo32930;
931;Leon;WIECZOREK;01.11.1995;haslo14931;
932;Odetta;PAWLUK;01.05.1988;haslo70932;
933;Anna;KAMIÑSKA;01.01.1975;haslo70933;
934;Józef;DUDEK;01.12.1982;haslo21934;
935;Marika;WÓJCIK;01.08.1989;haslo38935;
936;Maksymilian;PAWLAK;01.06.1975;haslo2936;
937;Krzysztof;KORYTKOWSKI;01.04.1976;haslo37937;
938;Antoni;MICHALSKA;01.01.1980;haslo67938;
939;Sylwia;BORKOWSKA;01.04.1976;haslo49939;
940;Marcjanna;KUCHARSKA;01.04.1986;haslo31940;
941;Irena;PAW£OWSKA;01.12.1987;haslo45941;
942;Franciszek;LIS;01.10.1993;haslo45942;
943;Dorota;SZEKPSIR;01.08.1984;haslo57943;
944;Odetta;ZALEWSKA;01.06.1990;haslo28944;
945;Jadwiga;KAMIÑSKA;01.05.1993;haslo44945;
946;Bo¿ena;WILK;01.01.1985;haslo38946;
947;Natan;BARAN;01.05.1988;haslo70947;
948;¯aneta;CHMIELEWSKA;01.01.1980;haslo29948;
949;Julia;PAW£OWSKA;01.12.1982;haslo31949;
950;Zofia;ZAWADZKA;01.04.1971;haslo1950;
951;Wincenty;KRAWCZYK;01.10.1978;haslo26951;
952;Lilianna;GRABOWSKA;01.05.1983;haslo9952;
953;Maria;BA£KA;01.03.1974;haslo12953;
954;Kamila;MARCINIAK;01.09.1971;haslo19954;
955;Albin;CHMIELEWSKA;01.04.1971;haslo6955;
956;Leon;DUDEK;01.11.1985;haslo6956;
957;Arkadiusz;KAMIÑSKA;01.04.1991;haslo37957;
958;S³awomir;TOMASZEWSKA;01.06.1990;haslo4958;
959;S³awomir;WALCZAK;01.07.1972;haslo43959;
960;Wojciech;KOWALCZYK;01.05.1998;haslo44960;
961;Wiliam;DUDEK;01.09.1971;haslo42961;
962;Jagoda;OLSZEWSKA;01.11.1995;haslo13962;
963;Marzena;KAMIÑSKA;01.01.1975;haslo68963;
964;Krzysztof;SZEKPSIR;01.12.1972;haslo36964;
965;Jagoda;KUCHARSKA;01.02.1997;haslo62965;
966;Gracjan;PAPIERZEWSKI;01.10.1978;haslo53966;
967;Marcin;SZCZEPAÑSKA;01.05.1988;haslo43967;
968;Maria;SZEWCZYK;01.07.1977;haslo29968;
969;Jagna;WYSOCKA;01.04.1981;haslo65969;
970;Julian;KOWALSKA;01.11.1970;haslo14970;
971;Antonina;BORKOWSKA;01.01.1970;haslo3971;
972;Jagna;MAZUR;01.12.1982;haslo52972;
973;Krzysztof;MICHALSKA;01.02.1987;haslo61973;
974;Andrzej;PAWLUK;01.05.1978;haslo69974;
975;Bo¿ena;RUTKOWSKA;01.02.1997;haslo51975;
976;Nikola;MAKOWSKA;01.02.1992;haslo15976;
977;Teresa;KAMIÑSKA;01.08.1979;haslo26977;
978;Maciej;SOKO£OWSKA;01.08.1984;haslo20978;
979;Stanis³aw;CHMIELEWSKA;01.04.1986;haslo61979;
980;Jadwiga;MAZUR;01.01.1985;haslo69980;
981;Anna;MICHALAK;01.04.1971;haslo6981;
982;Anna;KWIATKOWSKA;01.04.1976;haslo5982;
983;Agnieszka;PIOTROWSKA;01.11.1995;haslo16983;
984;Mirella;PIETRZAK;01.05.1983;haslo34984;
985;Helena;KACZMAREK;01.01.1995;haslo40985;
986;Joanna;MAZUR;01.01.1990;haslo3986;
987;Jagoda;ZAWADZKA;01.10.1993;haslo53987;
988;Jadwiga;SZEWCZYK;01.01.1980;haslo52988;
989;Teresa;MAZUR;01.08.1974;haslo59989;
990;Agnieszka;PIETRZAK;01.12.1987;haslo38990;
991;Jagna;PAPIERZEWSKI;01.05.1988;haslo23991;
992;Bogumi³a;W£ODARCZYK;01.12.1972;haslo31992;
993;Leon;ZAWADZKA;01.03.1979;haslo20993;
994;Pawe³;JAKUBOWSKA;01.07.1997;haslo27994;
995;Anna;SADOWSKA;01.09.1976;haslo41995;
996;Dorota;JASIÑSKA;01.08.1974;haslo21996;
997;Marcin;WALCZAK;01.09.1971;haslo28997;
998;Pawe³;TOMASZEWSKA;01.06.1985;haslo41998;
999;Katarzyna;DUDEK;01.05.1993;haslo49999;
